{
  "2016-W1": 0,
  "2016-W10": 0,
  "2016-W11": 0,
  "2016-W12": 0,
  "2016-W13": 0,
  "2016-W14": 0,
  "2016-W15": 0,
  "2016-W16": 0,
  "2016-W17": 0,
  "2016-W18": 0,
  "2016-W19": 0,
  "2016-W2": 0,
  "2016-W20": 2.727272727272727,
  "2016-W21": 3.3020833333333335,
  "2016-W22": 3.3205128205128203,
  "2016-W23": 3.4583333333333335,
  "2016-W24": 3.4,
  "2016-W25": 0,
  "2016-W26": 0,
  "2016-W27": 0,
  "2016-W28": 0,
  "2016-W29": 0,
  "2016-W3": 0,
  "2016-W30": 0,
  "2016-W31": 0,
  "2016-W32": 0,
  "2016-W33": 0,
  "2016-W34": 0,
  "2016-W35": 0,
  "2016-W36": 0,
  "2016-W37": 0,
  "2016-W38": 0,
  "2016-W39": 0,
  "2016-W4": 0,
  "2016-W40": 0,
  "2016-W41": 0,
  "2016-W42": 0,
  "2016-W43": 0,
  "2016-W44": 0,
  "2016-W45": 0,
  "2016-W46": 0,
  "2016-W47": 0,
  "2016-W48": 2.2018518518518517,
  "2016-W49": 1.3878787878787877,
  "2016-W5": 0,
  "2016-W50": 2.441176470588235,
  "2016-W51": 1.7768361581920906,
  "2016-W52": 2.583333333333333,
  "2016-W53": 0,
  "2016-W6": 0,
  "2016-W7": 0,
  "2016-W8": 0,
  "2016-W9": 0,
  "2017-W1": 2.7142857142857144,
  "2017-W10": 2.388059701492537,
  "2017-W11": 2.5305164319248825,
  "2017-W12": 2.3833333333333337,
  "2017-W13": 2.806060606060606,
  "2017-W14": 2.3214285714285716,
  "2017-W15": 2.8488372093023258,
  "2017-W16": 3.467391304347826,
  "2017-W17": 3.8555555555555547,
  "2017-W18": 0.8647342995169082,
  "2017-W19": 3.3425076452599387,
  "2017-W2": 3.2459677419354835,
  "2017-W20": 2.4,
  "2017-W21": 2.0925925925925926,
  "2017-W22": 2.8823529411764706,
  "2017-W23": 3.348958333333333,
  "2017-W24": 0.7058823529411765,
  "2017-W25": 2.2298850574712645,
  "2017-W26": 3.0714285714285707,
  "2017-W27": 4.345238095238096,
  "2017-W28": 4.141414141414142,
  "2017-W29": 3.5333333333333337,
  "2017-W3": 1.6536796536796536,
  "2017-W30": 2.972972972972973,
  "2017-W31": 3.0104166666666665,
  "2017-W32": 3.3492063492063497,
  "2017-W33": 2.606060606060606,
  "2017-W34": 2.454861111111111,
  "2017-W35": 2.15,
  "2017-W36": 1.7696969696969695,
  "2017-W37": 2.5296296296296297,
  "2017-W38": 2.361111111111111,
  "2017-W39": 2.5533333333333332,
  "2017-W4": 1.075,
  "2017-W40": 1.784313725490196,
  "2017-W41": 1.9466666666666668,
  "2017-W42": 3.825396825396825,
  "2017-W43": 2.88768115942029,
  "2017-W44": 3.062091503267973,
  "2017-W45": 3.219298245614035,
  "2017-W46": 3.5579710144927534,
  "2017-W47": 3.0253623188405796,
  "2017-W48": 1.8028169014084507,
  "2017-W49": 2.388888888888889,
  "2017-W5": 3.3050314465408803,
  "2017-W50": 2.746212121212121,
  "2017-W51": 3.333333333333333,
  "2017-W52": 2.484848484848485,
  "2017-W53": 0,
  "2017-W6": 3.736842105263158,
  "2017-W7": 2.9074074074074074,
  "2017-W8": 2.1785714285714284,
  "2017-W9": 1.7424242424242424,
  "2018-W1": 3.3063063063063067,
  "2018-W10": 2.284313725490196,
  "2018-W11": 1.7980769230769231,
  "2018-W12": 0.6344086021505375,
  "2018-W13": 1.1481481481481484,
  "2018-W14": 1.3061224489795917,
  "2018-W15": 3.7863247863247875,
  "2018-W16": 3.0533333333333337,
  "2018-W17": 2.769230769230769,
  "2018-W18": 3.271604938271605,
  "2018-W19": 3.9076923076923076,
  "2018-W2": 2.3111111111111113,
  "2018-W20": 3.2222222222222223,
  "2018-W21": 3.423076923076923,
  "2018-W22": 2.54,
  "2018-W23": 2.888888888888889,
  "2018-W24": 4.166666666666667,
  "2018-W25": 3.119047619047619,
  "2018-W26": 3.6333333333333337,
  "2018-W27": 2.2298850574712645,
  "2018-W28": 3.619047619047619,
  "2018-W29": 3.6049382716049383,
  "2018-W3": 1.794871794871795,
  "2018-W30": 3.666666666666666,
  "2018-W31": 3.7634408602150544,
  "2018-W32": 0.5434782608695652,
  "2018-W33": 3.6153846153846154,
  "2018-W34": 3.6354166666666665,
  "2018-W35": 3.2017543859649122,
  "2018-W36": 2.8333333333333335,
  "2018-W37": 1.7884615384615385,
  "2018-W38": 0.45698924731182794,
  "2018-W39": 0.875,
  "2018-W4": 2.108108108108108,
  "2018-W40": 1.9275362318840579,
  "2018-W41": 2.58974358974359,
  "2018-W42": 1.1612903225806452,
  "2018-W43": 1.3076923076923077,
  "2018-W44": 1.277777777777778,
  "2018-W45": 1.5789473684210527,
  "2018-W46": 1.1333333333333333,
  "2018-W47": 1.0059523809523812,
  "2018-W48": 2.088050314465409,
  "2018-W49": 2.7093023255813953,
  "2018-W5": 2.1965811965811968,
  "2018-W50": 2.03125,
  "2018-W51": 2.5208333333333335,
  "2018-W52": 0.8125,
  "2018-W53": 0,
  "2018-W6": 4.333333333333333,
  "2018-W7": 3.2121212121212124,
  "2018-W8": 3.0625000000000004,
  "2018-W9": 2.091666666666667,
  "2019-W1": 2.2701149425287355,
  "2019-W10": 2.6589147286821704,
  "2019-W11": 3.1955128205128203,
  "2019-W12": 2.7363945578231292,
  "2019-W13": 2.372549019607843,
  "2019-W14": 1.746212121212121,
  "2019-W15": 0.5277777777777778,
  "2019-W16": 2.494565217391304,
  "2019-W17": 3.2590090090090094,
  "2019-W18": 3.81924882629108,
  "2019-W19": 3.2916666666666665,
  "2019-W2": 3.3933333333333335,
  "2019-W20": 3.1296296296296298,
  "2019-W21": 3.106918238993711,
  "2019-W22": 3.1291666666666664,
  "2019-W23": 2.5142857142857142,
  "2019-W24": 2.893617021276596,
  "2019-W25": 2.13030303030303,
  "2019-W26": 1.443627450980392,
  "2019-W27": 2.747222222222222,
  "2019-W28": 0.9404761904761904,
  "2019-W29": 2.107142857142857,
  "2019-W3": 2.34009009009009,
  "2019-W30": 2.1616161616161613,
  "2019-W31": 2.468253968253968,
  "2019-W32": 3.874074074074074,
  "2019-W33": 2.902777777777778,
  "2019-W34": 4.461187214611872,
  "2019-W35": 3.972677595628415,
  "2019-W36": 3.3363636363636364,
  "2019-W37": 3.5714285714285707,
  "2019-W38": 1.3086419753086418,
  "2019-W39": 2.890295358649789,
  "2019-W4": 1.3537414965986394,
  "2019-W40": 2.3132183908045976,
  "2019-W41": 2.299086757990868,
  "2019-W42": 2.8023255813953485,
  "2019-W43": 1.1585365853658536,
  "2019-W44": 2.4016064257028114,
  "2019-W45": 1.4861111111111112,
  "2019-W46": 1.0591397849462365,
  "2019-W47": 1.5634920634920633,
  "2019-W48": 1.3502415458937196,
  "2019-W49": 2.3132530120481927,
  "2019-W5": 0.2478632478632479,
  "2019-W50": 1.6160337552742614,
  "2019-W51": 2.1224489795918364,
  "2019-W52": 2.089430894308943,
  "2019-W53": 0,
  "2019-W6": 1.0,
  "2019-W7": 1.4365079365079363,
  "2019-W8": 0.7884615384615384,
  "2019-W9": 2.976470588235294,
  "2020-W1": 1.5777777777777777,
  "2020-W10": 2.4227642276422765,
  "2020-W11": 2.612021857923497,
  "2020-W12": 1.8728813559322033,
  "2020-W13": 1.219047619047619,
  "2020-W14": 0.630952380952381,
  "2020-W15": 2.7474747474747474,
  "2020-W16": 2.3125,
  "2020-W17": 1.7681159420289854,
  "2020-W18": 3.9863945578231292,
  "2020-W19": 3.183333333333333,
  "2020-W2": 0.6517857142857143,
  "2020-W20": 2.8060109289617485,
  "2020-W21": 2.5423280423280428,
  "2020-W22": 3.1159420289855073,
  "2020-W23": 3.3055555555555554,
  "2020-W24": 3.05,
  "2020-W25": 3.52,
  "2020-W26": 2.2916666666666665,
  "2020-W27": 2.6666666666666665,
  "2020-W28": 1.346666666666667,
  "2020-W29": 3.4780701754385963,
  "2020-W3": 1.2416666666666667,
  "2020-W30": 1.9411764705882353,
  "2020-W31": 2.908333333333333,
  "2020-W32": 3.1929824561403506,
  "2020-W33": 1.5277777777777777,
  "2020-W34": 2.9622641509433962,
  "2020-W35": 2.8015873015873014,
  "2020-W36": 3.4805194805194803,
  "2020-W37": 2.3162393162393164,
  "2020-W38": 1.7179487179487183,
  "2020-W39": 2.3482142857142856,
  "2020-W4": 1.774011299435028,
  "2020-W40": 2.4782608695652173,
  "2020-W41": 2.1999999999999997,
  "2020-W42": 3.2166666666666663,
  "2020-W43": 3.9722222222222223,
  "2020-W44": 3.766283524904214,
  "2020-W45": 2.895424836601307,
  "2020-W46": 3.066666666666667,
  "2020-W47": 2.801282051282051,
  "2020-W48": 2.723404255319149,
  "2020-W49": 2.9411764705882355,
  "2020-W5": 2.571705426356589,
  "2020-W50": 1.8505747126436782,
  "2020-W51": 2.4909090909090907,
  "2020-W52": 2.9371584699453552,
  "2020-W53": 3.097222222222222,
  "2020-W6": 2.5846994535519126,
  "2020-W7": 2.8008130081300813,
  "2020-W8": 2.8575268817204305,
  "2020-W9": 3.007936507936508,
  "2021-W1": 2.2162162162162162,